date,prayer_id,imam_name,muadzin_name,badal_name
2026-07-23,subuh,Ustadz Hasbi,Ustadz Asep,Ustadz Nandar
2026-07-23,dzuhur,Ustadz Hasbi,Ustadz Asep,Ustadz Nandar
2026-07-23,ashar,Ustadz Hasbi,Ustadz Asep,Ustadz Nandar
2026-07-23,maghrib,Ustadz Hasbi,Ustadz Asep,Ustadz Nandar
2026-07-23,isya,Ustadz Hasbi,Ustadz Asep,Ustadz Nandar
2026-07-24,subuh,Ustadz Dzul,Ustadz Shofwan,Ustadz Shidqi
2026-07-24,dzuhur,Ustadz Dzul,Ustadz Shofwan,Ustadz Shidqi
2026-07-24,ashar,Ustadz Dzul,Ustadz Shofwan,Ustadz Shidqi
2026-07-24,maghrib,Ustadz Dzul,Ustadz Shofwan,Ustadz Shidqi
2026-07-24,isya,Ustadz Dzul,Ustadz Shofwan,Ustadz Shidqi
2026-07-25,subuh,Ustadz Asep,Ustadz Nandar,Ustadz Hasbi
2026-07-25,dzuhur,Ustadz Asep,Ustadz Nandar,Ustadz Hasbi
2026-07-25,ashar,Ustadz Asep,Ustadz Nandar,Ustadz Hasbi
2026-07-25,maghrib,Ustadz Asep,Ustadz Nandar,Ustadz Hasbi
2026-07-25,isya,Ustadz Asep,Ustadz Nandar,Ustadz Hasbi
2026-07-26,subuh,Ustadz Shofwan,Ustadz Shidqi,Ustadz Dzul
2026-07-26,dzuhur,Ustadz Shofwan,Ustadz Shidqi,Ustadz Dzul
2026-07-26,ashar,Ustadz Shofwan,Ustadz Shidqi,Ustadz Dzul
2026-07-26,maghrib,Ustadz Shofwan,Ustadz Shidqi,Ustadz Dzul
2026-07-26,isya,Ustadz Shofwan,Ustadz Shidqi,Ustadz Dzul
2026-07-27,subuh,Ustadz Nandar,Ustadz Hasbi,Ustadz Asep
2026-07-27,dzuhur,Ustadz Nandar,Ustadz Hasbi,Ustadz Asep
2026-07-27,ashar,Ustadz Nandar,Ustadz Hasbi,Ustadz Asep
2026-07-27,maghrib,Ustadz Nandar,Ustadz Hasbi,Ustadz Asep
2026-07-27,isya,Ustadz Nandar,Ustadz Hasbi,Ustadz Asep
2026-07-28,subuh,Ustadz Shidqi,Ustadz Dzul,Ustadz Shofwan
2026-07-28,dzuhur,Ustadz Shidqi,Ustadz Dzul,Ustadz Shofwan
2026-07-28,ashar,Ustadz Shidqi,Ustadz Dzul,Ustadz Shofwan
2026-07-28,maghrib,Ustadz Shidqi,Ustadz Dzul,Ustadz Shofwan
2026-07-28,isya,Ustadz Shidqi,Ustadz Dzul,Ustadz Shofwan
2026-07-29,subuh,Ustadz Hasbi,Ustadz Asep,Ustadz Nandar
2026-07-29,dzuhur,Ustadz Hasbi,Ustadz Asep,Ustadz Nandar
2026-07-29,ashar,Ustadz Hasbi,Ustadz Asep,Ustadz Nandar
2026-07-29,maghrib,Ustadz Hasbi,Ustadz Asep,Ustadz Nandar
2026-07-29,isya,Ustadz Hasbi,Ustadz Asep,Ustadz Nandar
2026-07-30,subuh,Ustadz Dzul,Ustadz Shofwan,Ustadz Shidqi
2026-07-30,dzuhur,Ustadz Dzul,Ustadz Shofwan,Ustadz Shidqi
2026-07-30,ashar,Ustadz Dzul,Ustadz Shofwan,Ustadz Shidqi
2026-07-30,maghrib,Ustadz Dzul,Ustadz Shofwan,Ustadz Shidqi
2026-07-30,isya,Ustadz Dzul,Ustadz Shofwan,Ustadz Shidqi
2026-07-31,subuh,Ustadz Asep,Ustadz Nandar,Ustadz Hasbi
2026-07-31,dzuhur,Ustadz Asep,Ustadz Nandar,Ustadz Hasbi
2026-07-31,ashar,Ustadz Asep,Ustadz Nandar,Ustadz Hasbi
2026-07-31,maghrib,Ustadz Asep,Ustadz Nandar,Ustadz Hasbi
2026-07-31,isya,Ustadz Asep,Ustadz Nandar,Ustadz Hasbi
